tic,datadate,ajexdi,cshoc,prccd,trfd,gvkey
MSTR,2021-01-04,10.00000000,7253000,425.22000000,,111534
MSTR,2021-01-05,10.00000000,7253000,428.63000000,,111534
MSTR,2021-01-06,10.00000000,7253000,480.55000000,,111534
MSTR,2021-01-07,10.00000000,7253000,535.75000000,,111534
MSTR,2021-01-08,10.00000000,7253000,531.64000000,,111534
MSTR,2021-01-11,10.00000000,7253000,495.49000000,,111534
MSTR,2021-01-12,10.00000000,7253000,514.24000000,,111534
MSTR,2021-01-13,10.00000000,7253000,519.26000000,,111534
MSTR,2021-01-14,10.00000000,7253000,631.00000000,,111534
MSTR,2021-01-15,10.00000000,7253000,578.07000000,,111534
MSTR,2021-01-19,10.00000000,7253000,592.21000000,,111534
MSTR,2021-01-20,10.00000000,7253000,550.82000000,,111534
MSTR,2021-01-21,10.00000000,7253000,520.46000000,,111534
MSTR,2021-01-22,10.00000000,7253000,577.03000000,,111534
MSTR,2021-01-25,10.00000000,7253000,571.42000000,,111534
MSTR,2021-01-26,10.00000000,7253000,559.81000000,,111534
MSTR,2021-01-27,10.00000000,7253000,540.10000000,,111534
MSTR,2021-01-28,10.00000000,7253000,578.37500000,,111534
MSTR,2021-01-29,10.00000000,7623000,617.31000000,,111534
MSTR,2021-02-01,10.00000000,7623000,634.56000000,,111534
MSTR,2021-02-02,10.00000000,7623000,687.92000000,,111534
MSTR,2021-02-03,10.00000000,7623000,741.19000000,,111534
MSTR,2021-02-04,10.00000000,7623000,765.59000000,,111534
MSTR,2021-02-05,10.00000000,7623000,806.00000000,,111534
MSTR,2021-02-08,10.00000000,7623000,1041.00000000,,111534
MSTR,2021-02-09,10.00000000,7623000,1272.94000000,,111534
MSTR,2021-02-10,10.00000000,7623000,974.48000000,,111534
MSTR,2021-02-11,10.00000000,7623000,1009.94000000,,111534
MSTR,2021-02-12,10.00000000,7623000,1034.31000000,,111534
MSTR,2021-02-16,10.00000000,7623000,955.00000000,,111534
MSTR,2021-02-17,10.00000000,7623000,941.80000000,,111534
MSTR,2021-02-18,10.00000000,7623000,927.78000000,,111534
MSTR,2021-02-19,10.00000000,7623000,963.72000000,,111534
MSTR,2021-02-22,10.00000000,7623000,876.00000000,,111534
MSTR,2021-02-23,10.00000000,7623000,691.23000000,,111534
MSTR,2021-02-24,10.00000000,7623000,817.69000000,,111534
MSTR,2021-02-25,10.00000000,7623000,731.61000000,,111534
MSTR,2021-02-26,10.00000000,7623000,750.41000000,,111534
MSTR,2021-03-01,10.00000000,7623000,782.44000000,,111534
MSTR,2021-03-02,10.00000000,7623000,748.50000000,,111534
MSTR,2021-03-03,10.00000000,7623000,731.57000000,,111534
MSTR,2021-03-04,10.00000000,7623000,645.66000000,,111534
MSTR,2021-03-05,10.00000000,7623000,620.24000000,,111534
MSTR,2021-03-08,10.00000000,7623000,624.19000000,,111534
MSTR,2021-03-09,10.00000000,7623000,715.99000000,,111534
MSTR,2021-03-10,10.00000000,7623000,756.55000000,,111534
MSTR,2021-03-11,10.00000000,7623000,803.75000000,,111534
MSTR,2021-03-12,10.00000000,7623000,784.00000000,,111534
MSTR,2021-03-15,10.00000000,7623000,769.01000000,,111534
MSTR,2021-03-16,10.00000000,7623000,724.29000000,,111534
MSTR,2021-03-17,10.00000000,7623000,770.99000000,,111534
MSTR,2021-03-18,10.00000000,7623000,732.05000000,,111534
MSTR,2021-03-19,10.00000000,7623000,777.04000000,,111534
MSTR,2021-03-22,10.00000000,7623000,724.56000000,,111534
MSTR,2021-03-23,10.00000000,7623000,677.21000000,,111534
MSTR,2021-03-24,10.00000000,7623000,621.57000000,,111534
MSTR,2021-03-25,10.00000000,7623000,620.91000000,,111534
MSTR,2021-03-26,10.00000000,7623000,624.00000000,,111534
MSTR,2021-03-29,10.00000000,7623000,631.34000000,,111534
MSTR,2021-03-30,10.00000000,7623000,653.98000000,,111534
MSTR,2021-03-31,10.00000000,7623000,678.80000000,,111534
MSTR,2021-04-01,10.00000000,7623000,703.56000000,,111534
MSTR,2021-04-05,10.00000000,7623000,720.55000000,,111534
MSTR,2021-04-06,10.00000000,7623000,704.58000000,,111534
MSTR,2021-04-07,10.00000000,7623000,656.20000000,,111534
MSTR,2021-04-08,10.00000000,7623000,690.12000000,,111534
MSTR,2021-04-09,10.00000000,7623000,711.00000000,,111534
MSTR,2021-04-12,10.00000000,7623000,718.24000000,,111534
MSTR,2021-04-13,10.00000000,7623000,848.54000000,,111534
MSTR,2021-04-14,10.00000000,7623000,735.50000000,,111534
MSTR,2021-04-15,10.00000000,7623000,740.15000000,,111534
MSTR,2021-04-16,10.00000000,7782000,693.62000000,,111534
MSTR,2021-04-19,10.00000000,7782000,637.52000000,,111534
MSTR,2021-04-20,10.00000000,7782000,646.45000000,,111534
MSTR,2021-04-21,10.00000000,7782000,650.46000000,,111534
MSTR,2021-04-22,10.00000000,7782000,598.20000000,,111534
MSTR,2021-04-23,10.00000000,7782000,613.04000000,,111534
MSTR,2021-04-26,10.00000000,7782000,658.82000000,,111534
MSTR,2021-04-27,10.00000000,7782000,676.99000000,,111534
MSTR,2021-04-28,10.00000000,7782000,680.82000000,,111534
MSTR,2021-04-29,10.00000000,7782000,655.01000000,,111534
MSTR,2021-04-30,10.00000000,7782000,657.16000000,,111534
MSTR,2021-05-03,10.00000000,7782000,635.62000000,,111534
MSTR,2021-05-04,10.00000000,7782000,616.88000000,,111534
MSTR,2021-05-05,10.00000000,7782000,623.45000000,,111534
MSTR,2021-05-06,10.00000000,7782000,609.08000000,,111534
MSTR,2021-05-07,10.00000000,7782000,620.46000000,,111534
MSTR,2021-05-10,10.00000000,7782000,569.46000000,,111534
MSTR,2021-05-11,10.00000000,7782000,576.96000000,,111534
MSTR,2021-05-12,10.00000000,7782000,541.88000000,,111534
MSTR,2021-05-13,10.00000000,7782000,488.08000000,,111534
MSTR,2021-05-14,10.00000000,7782000,521.31000000,,111534
MSTR,2021-05-17,10.00000000,7782000,489.35000000,,111534
MSTR,2021-05-18,10.00000000,7782000,487.20000000,,111534
MSTR,2021-05-19,10.00000000,7782000,454.86000000,,111534
MSTR,2021-05-20,10.00000000,7782000,472.66000000,,111534
MSTR,2021-05-21,10.00000000,7782000,450.52000000,,111534
MSTR,2021-05-24,10.00000000,7782000,472.45000000,,111534
MSTR,2021-05-25,10.00000000,7782000,469.67000000,,111534
MSTR,2021-05-26,10.00000000,7782000,482.79000000,,111534
MSTR,2021-05-27,10.00000000,7782000,493.85000000,,111534
MSTR,2021-05-28,10.00000000,7782000,470.00000000,,111534
MSTR,2021-06-01,10.00000000,7782000,477.76000000,,111534
MSTR,2021-06-02,10.00000000,7782000,498.50000000,,111534
MSTR,2021-06-03,10.00000000,7782000,488.64000000,,111534
MSTR,2021-06-04,10.00000000,7782000,484.67000000,,111534
MSTR,2021-06-07,10.00000000,7782000,469.81000000,,111534
MSTR,2021-06-08,10.00000000,7782000,459.38000000,,111534
MSTR,2021-06-09,10.00000000,7782000,512.99000000,,111534
MSTR,2021-06-10,10.00000000,7782000,508.65000000,,111534
MSTR,2021-06-11,10.00000000,7782000,516.44000000,,111534
MSTR,2021-06-14,10.00000000,7782000,598.49000000,,111534
MSTR,2021-06-15,10.00000000,7782000,630.54000000,,111534
MSTR,2021-06-16,10.00000000,7782000,619.82000000,,111534
MSTR,2021-06-17,10.00000000,7782000,630.81000000,,111534
MSTR,2021-06-18,10.00000000,7782000,646.46000000,,111534
MSTR,2021-06-21,10.00000000,7782000,583.67000000,,111534
MSTR,2021-06-22,10.00000000,7782000,553.72000000,,111534
MSTR,2021-06-23,10.00000000,7782000,553.00000000,,111534
MSTR,2021-06-24,10.00000000,7782000,581.88000000,,111534
MSTR,2021-06-25,10.00000000,7782000,550.05000000,,111534
MSTR,2021-06-28,10.00000000,7782000,624.17000000,,111534
MSTR,2021-06-29,10.00000000,7782000,668.99000000,,111534
MSTR,2021-06-30,10.00000000,7782000,664.50000000,,111534
MSTR,2021-07-01,10.00000000,7782000,650.86000000,,111534
MSTR,2021-07-02,10.00000000,7782000,635.61000000,,111534
MSTR,2021-07-06,10.00000000,7782000,634.29000000,,111534
MSTR,2021-07-07,10.00000000,7782000,639.86000000,,111534
MSTR,2021-07-08,10.00000000,7782000,618.44000000,,111534
MSTR,2021-07-09,10.00000000,7782000,628.66000000,,111534
MSTR,2021-07-12,10.00000000,7782000,588.69000000,,111534
MSTR,2021-07-13,10.00000000,7782000,579.88000000,,111534
MSTR,2021-07-14,10.00000000,7782000,560.43000000,,111534
MSTR,2021-07-15,10.00000000,7782000,541.04000000,,111534
MSTR,2021-07-16,10.00000000,7782000,523.09000000,,111534
MSTR,2021-07-19,10.00000000,7782000,498.72000000,,111534
MSTR,2021-07-20,10.00000000,7782000,501.78000000,,111534
MSTR,2021-07-21,10.00000000,7782000,556.94000000,,111534
MSTR,2021-07-22,10.00000000,7782000,555.94000000,,111534
MSTR,2021-07-23,10.00000000,7782000,539.71000000,,111534
MSTR,2021-07-26,10.00000000,7782000,682.50000000,,111534
MSTR,2021-07-27,10.00000000,7782000,630.61000000,,111534
MSTR,2021-07-28,10.00000000,7782000,646.65000000,,111534
MSTR,2021-07-29,10.00000000,7782000,625.01000000,,111534
MSTR,2021-07-30,10.00000000,7783000,626.01000000,,111534
MSTR,2021-08-02,10.00000000,7783000,637.79000000,,111534
MSTR,2021-08-03,10.00000000,7783000,625.06000000,,111534
MSTR,2021-08-04,10.00000000,7783000,670.93000000,,111534
MSTR,2021-08-05,10.00000000,7783000,715.62000000,,111534
MSTR,2021-08-06,10.00000000,7783000,748.72000000,,111534
MSTR,2021-08-09,10.00000000,7783000,767.73000000,,111534
MSTR,2021-08-10,10.00000000,7783000,750.49000000,,111534
MSTR,2021-08-11,10.00000000,7783000,747.49000000,,111534
MSTR,2021-08-12,10.00000000,7783000,720.99000000,,111534
MSTR,2021-08-13,10.00000000,7783000,728.00000000,,111534
MSTR,2021-08-16,10.00000000,7783000,697.51000000,,111534
MSTR,2021-08-17,10.00000000,7783000,663.69000000,,111534
MSTR,2021-08-18,10.00000000,7783000,655.05000000,,111534
MSTR,2021-08-19,10.00000000,7783000,676.26000000,,111534
MSTR,2021-08-20,10.00000000,7783000,716.56000000,,111534
MSTR,2021-08-23,10.00000000,7783000,718.51000000,,111534
MSTR,2021-08-24,10.00000000,7783000,715.50000000,,111534
MSTR,2021-08-25,10.00000000,7783000,726.71000000,,111534
MSTR,2021-08-26,10.00000000,7783000,693.66000000,,111534
MSTR,2021-08-27,10.00000000,7783000,707.20000000,,111534
MSTR,2021-08-30,10.00000000,7783000,702.99000000,,111534
MSTR,2021-08-31,10.00000000,7783000,694.30000000,,111534
MSTR,2021-09-01,10.00000000,7783000,702.50000000,,111534
MSTR,2021-09-02,10.00000000,7783000,695.71000000,,111534
MSTR,2021-09-03,10.00000000,7783000,712.26000000,,111534
MSTR,2021-09-07,10.00000000,7783000,648.01000000,,111534
MSTR,2021-09-08,10.00000000,7783000,638.62000000,,111534
MSTR,2021-09-09,10.00000000,7783000,640.62000000,,111534
MSTR,2021-09-10,10.00000000,7783000,615.57000000,,111534
MSTR,2021-09-13,10.00000000,7783000,642.70000000,,111534
MSTR,2021-09-14,10.00000000,7783000,618.48000000,,111534
MSTR,2021-09-15,10.00000000,7783000,633.00000000,,111534
MSTR,2021-09-16,10.00000000,7783000,633.00000000,,111534
MSTR,2021-09-17,10.00000000,7783000,614.29000000,,111534
MSTR,2021-09-20,10.00000000,7783000,588.39000000,,111534
MSTR,2021-09-21,10.00000000,7783000,581.02000000,,111534
MSTR,2021-09-22,10.00000000,7783000,599.61000000,,111534
MSTR,2021-09-23,10.00000000,7783000,616.57000000,,111534
MSTR,2021-09-24,10.00000000,7783000,599.39000000,,111534
MSTR,2021-09-27,10.00000000,7783000,594.75000000,,111534
MSTR,2021-09-28,10.00000000,7783000,573.51000000,,111534
MSTR,2021-09-29,10.00000000,7783000,566.32000000,,111534
MSTR,2021-09-30,10.00000000,7783000,578.40000000,,111534
MSTR,2021-10-01,10.00000000,7783000,612.46000000,,111534
MSTR,2021-10-04,10.00000000,7783000,607.25000000,,111534
MSTR,2021-10-05,10.00000000,7783000,651.01000000,,111534
MSTR,2021-10-06,10.00000000,7783000,673.81000000,,111534
MSTR,2021-10-07,10.00000000,7783000,692.79000000,,111534
MSTR,2021-10-08,10.00000000,7783000,708.82000000,,111534
MSTR,2021-10-11,10.00000000,7783000,731.80000000,,111534
MSTR,2021-10-12,10.00000000,7783000,710.65000000,,111534
MSTR,2021-10-13,10.00000000,7783000,726.30000000,,111534
MSTR,2021-10-14,10.00000000,7783000,723.95000000,,111534
MSTR,2021-10-15,10.00000000,7783000,749.85000000,,111534
MSTR,2021-10-18,10.00000000,7783000,739.64000000,,111534
MSTR,2021-10-19,10.00000000,7783000,727.25000000,,111534
MSTR,2021-10-20,10.00000000,7783000,758.18000000,,111534
MSTR,2021-10-21,10.00000000,7783000,735.43000000,,111534
MSTR,2021-10-22,10.00000000,7783000,718.52000000,,111534
MSTR,2021-10-25,10.00000000,7783000,746.02000000,,111534
MSTR,2021-10-26,10.00000000,7783000,734.86000000,,111534
MSTR,2021-10-27,10.00000000,7783000,715.02000000,,111534
MSTR,2021-10-28,10.00000000,7783000,717.13000000,,111534
MSTR,2021-10-29,10.00000000,8394000,715.06000000,,111534
MSTR,2021-11-01,10.00000000,8394000,736.12000000,,111534
MSTR,2021-11-02,10.00000000,8394000,794.14000000,,111534
MSTR,2021-11-03,10.00000000,8394000,810.25000000,,111534
MSTR,2021-11-04,10.00000000,8394000,800.00000000,,111534
MSTR,2021-11-05,10.00000000,8394000,797.51000000,,111534
MSTR,2021-11-08,10.00000000,8394000,860.00000000,,111534
MSTR,2021-11-09,10.00000000,8394000,859.01000000,,111534
MSTR,2021-11-10,10.00000000,8394000,816.34000000,,111534
MSTR,2021-11-11,10.00000000,8394000,818.36000000,,111534
MSTR,2021-11-12,10.00000000,8394000,811.73000000,,111534
MSTR,2021-11-15,10.00000000,8394000,795.00000000,,111534
MSTR,2021-11-16,10.00000000,8394000,752.02000000,,111534
MSTR,2021-11-17,10.00000000,8394000,753.00000000,,111534
MSTR,2021-11-18,10.00000000,8394000,727.36000000,,111534
MSTR,2021-11-19,10.00000000,8394000,718.31000000,,111534
MSTR,2021-11-22,10.00000000,8394000,690.02000000,,111534
MSTR,2021-11-23,10.00000000,8394000,696.77000000,,111534
MSTR,2021-11-24,10.00000000,8394000,700.90000000,,111534
MSTR,2021-11-26,10.00000000,8394000,663.00000000,,111534
MSTR,2021-11-29,10.00000000,8394000,695.48000000,,111534
MSTR,2021-11-30,10.00000000,8394000,721.43000000,,111534
MSTR,2021-12-01,10.00000000,8394000,705.47000000,,111534
MSTR,2021-12-02,10.00000000,8394000,683.36000000,,111534
MSTR,2021-12-03,10.00000000,8394000,630.99000000,,111534
MSTR,2021-12-06,10.00000000,8394000,596.47000000,,111534
MSTR,2021-12-07,10.00000000,8394000,628.17000000,,111534
MSTR,2021-12-08,10.00000000,8394000,636.54000000,,111534
MSTR,2021-12-09,10.00000000,8394000,591.88000000,,111534
MSTR,2021-12-10,10.00000000,8394000,600.84000000,,111534
MSTR,2021-12-13,10.00000000,8394000,571.64000000,,111534
MSTR,2021-12-14,10.00000000,8394000,580.38000000,,111534
MSTR,2021-12-15,10.00000000,8394000,598.59000000,,111534
MSTR,2021-12-16,10.00000000,8394000,566.94000000,,111534
MSTR,2021-12-17,10.00000000,8394000,571.58000000,,111534
MSTR,2021-12-20,10.00000000,8394000,546.39000000,,111534
MSTR,2021-12-21,10.00000000,8394000,567.50000000,,111534
MSTR,2021-12-22,10.00000000,8394000,569.99000000,,111534
MSTR,2021-12-23,10.00000000,8394000,597.21000000,,111534
MSTR,2021-12-27,10.00000000,8394000,608.28000000,,111534
MSTR,2021-12-28,10.00000000,8394000,567.97000000,,111534
MSTR,2021-12-29,10.00000000,8394000,556.09000000,,111534
MSTR,2021-12-30,10.00000000,8394000,562.34000000,,111534
MSTR,2021-12-31,10.00000000,8394000,544.49000000,,111534
MSTR,2022-01-03,10.00000000,8394000,558.26000000,,111534
MSTR,2022-01-04,10.00000000,8394000,551.07000000,,111534
MSTR,2022-01-05,10.00000000,8394000,509.10000000,,111534
MSTR,2022-01-06,10.00000000,8394000,498.62000000,,111534
MSTR,2022-01-07,10.00000000,8394000,482.95000000,,111534
MSTR,2022-01-10,10.00000000,8394000,481.95000000,,111534
MSTR,2022-01-11,10.00000000,8394000,506.56000000,,111534
MSTR,2022-01-12,10.00000000,8394000,514.64000000,,111534
MSTR,2022-01-13,10.00000000,8394000,489.59000000,,111534
MSTR,2022-01-14,10.00000000,8394000,499.56000000,,111534
MSTR,2022-01-18,10.00000000,8394000,468.28000000,,111534
MSTR,2022-01-19,10.00000000,8394000,460.42000000,,111534
MSTR,2022-01-20,10.00000000,8394000,457.53000000,,111534
MSTR,2022-01-21,10.00000000,8394000,375.89000000,,111534
MSTR,2022-01-24,10.00000000,8394000,370.45000000,,111534
MSTR,2022-01-25,10.00000000,8394000,365.05000000,,111534
MSTR,2022-01-26,10.00000000,8394000,353.65000000,,111534
MSTR,2022-01-27,10.00000000,8394000,319.45000000,,111534
MSTR,2022-01-28,10.00000000,8394000,338.95000000,,111534
MSTR,2022-01-31,10.00000000,8394000,368.01000000,,111534
MSTR,2022-02-01,10.00000000,8394000,373.00000000,,111534
MSTR,2022-02-02,10.00000000,8394000,348.84000000,,111534
MSTR,2022-02-03,10.00000000,8394000,340.09000000,,111534
MSTR,2022-02-04,10.00000000,8394000,391.64000000,,111534
MSTR,2022-02-07,10.00000000,8394000,413.47000000,,111534
MSTR,2022-02-08,10.00000000,8394000,425.43000000,,111534
MSTR,2022-02-09,10.00000000,8394000,446.60000000,,111534
MSTR,2022-02-10,10.00000000,8394000,431.48000000,,111534
MSTR,2022-02-11,10.00000000,8394000,411.01000000,,111534
MSTR,2022-02-14,10.00000000,8322000,409.49000000,,111534
MSTR,2022-02-15,10.00000000,8322000,437.24000000,,111534
MSTR,2022-02-16,10.00000000,8322000,434.98000000,,111534
MSTR,2022-02-17,10.00000000,9321000,404.60000000,,111534
MSTR,2022-02-18,10.00000000,9321000,395.97000000,,111534
MSTR,2022-02-22,10.00000000,9321000,377.70000000,,111534
MSTR,2022-02-23,10.00000000,9321000,365.03000000,,111534
MSTR,2022-02-24,10.00000000,9321000,396.96000000,,111534
MSTR,2022-02-25,10.00000000,9321000,405.00000000,,111534
MSTR,2022-02-28,10.00000000,9321000,443.00000000,,111534
MSTR,2022-03-01,10.00000000,9321000,464.73000000,,111534
MSTR,2022-03-02,10.00000000,9321000,459.29000000,,111534
MSTR,2022-03-03,10.00000000,9321000,428.70000000,,111534
MSTR,2022-03-04,10.00000000,9321000,410.36000000,,111534
MSTR,2022-03-07,10.00000000,9321000,388.91000000,,111534
MSTR,2022-03-08,10.00000000,9321000,410.36000000,,111534
MSTR,2022-03-09,10.00000000,9321000,436.75000000,,111534
MSTR,2022-03-10,10.00000000,9321000,421.13000000,,111534
MSTR,2022-03-11,10.00000000,9321000,390.82000000,,111534
MSTR,2022-03-14,10.00000000,9321000,369.93000000,,111534
MSTR,2022-03-15,10.00000000,9321000,396.14000000,,111534
MSTR,2022-03-16,10.00000000,9321000,428.78000000,,111534
MSTR,2022-03-17,10.00000000,9321000,434.09000000,,111534
MSTR,2022-03-18,10.00000000,9321000,454.28000000,,111534
MSTR,2022-03-21,10.00000000,9321000,436.48000000,,111534
MSTR,2022-03-22,10.00000000,9321000,459.95000000,,111534
MSTR,2022-03-23,10.00000000,9321000,450.69000000,,111534
MSTR,2022-03-24,10.00000000,9321000,483.92000000,,111534
MSTR,2022-03-25,10.00000000,9321000,472.42000000,,111534
MSTR,2022-03-28,10.00000000,9321000,510.00000000,,111534
MSTR,2022-03-29,10.00000000,9321000,520.00000000,,111534
MSTR,2022-03-30,10.00000000,9321000,500.69000000,,111534
MSTR,2022-03-31,10.00000000,9321000,486.32000000,,111534
MSTR,2022-04-01,10.00000000,9321000,490.98000000,,111534
MSTR,2022-04-04,10.00000000,9321000,501.26000000,,111534
MSTR,2022-04-05,10.00000000,9321000,487.28000000,,111534
MSTR,2022-04-06,10.00000000,9321000,455.11000000,,111534
MSTR,2022-04-07,10.00000000,9321000,463.61000000,,111534
MSTR,2022-04-08,10.00000000,9321000,453.24000000,,111534
MSTR,2022-04-11,10.00000000,9321000,436.39000000,,111534
MSTR,2022-04-12,10.00000000,9321000,443.45000000,,111534
MSTR,2022-04-13,10.00000000,9321000,463.58000000,,111534
MSTR,2022-04-14,10.00000000,9321000,449.19000000,,111534
MSTR,2022-04-18,10.00000000,9321000,445.89000000,,111534
MSTR,2022-04-19,10.00000000,9321000,471.14000000,,111534
MSTR,2022-04-20,10.00000000,9321000,449.03000000,,111534
MSTR,2022-04-21,10.00000000,9321000,427.86000000,,111534
MSTR,2022-04-22,10.00000000,9321000,409.08000000,,111534
MSTR,2022-04-25,10.00000000,9321000,428.00000000,,111534
MSTR,2022-04-26,10.00000000,9321000,391.01000000,,111534
MSTR,2022-04-27,10.00000000,9321000,385.78000000,,111534
MSTR,2022-04-28,10.00000000,9334000,400.49000000,,111534
MSTR,2022-04-29,10.00000000,9334000,354.17000000,,111534
MSTR,2022-05-02,10.00000000,9334000,365.91000000,,111534
MSTR,2022-05-03,10.00000000,9334000,343.40000000,,111534
MSTR,2022-05-04,10.00000000,9334000,366.44000000,,111534
MSTR,2022-05-05,10.00000000,9334000,314.52000000,,111534
MSTR,2022-05-06,10.00000000,9334000,294.24000000,,111534
MSTR,2022-05-09,10.00000000,9334000,219.05000000,,111534
MSTR,2022-05-10,10.00000000,9334000,225.52000000,,111534
MSTR,2022-05-11,10.00000000,9334000,168.20000000,,111534
MSTR,2022-05-12,10.00000000,9334000,171.18000000,,111534
MSTR,2022-05-13,10.00000000,9334000,204.57000000,,111534
MSTR,2022-05-16,10.00000000,9334000,201.51000000,,111534
MSTR,2022-05-17,10.00000000,9334000,224.87000000,,111534
MSTR,2022-05-18,10.00000000,9334000,197.44000000,,111534
MSTR,2022-05-19,10.00000000,9334000,210.77000000,,111534
MSTR,2022-05-20,10.00000000,9334000,202.75000000,,111534
MSTR,2022-05-23,10.00000000,9334000,204.37000000,,111534
MSTR,2022-05-24,10.00000000,9334000,193.01000000,,111534
MSTR,2022-05-25,10.00000000,9334000,198.12000000,,111534
MSTR,2022-05-26,10.00000000,9334000,216.10000000,,111534
MSTR,2022-05-27,10.00000000,9334000,219.39000000,,111534
MSTR,2022-05-31,10.00000000,9334000,264.69000000,,111534
MSTR,2022-06-01,10.00000000,9334000,238.14000000,,111534
MSTR,2022-06-02,10.00000000,9334000,244.46000000,,111534
MSTR,2022-06-03,10.00000000,9334000,227.22000000,,111534
MSTR,2022-06-06,10.00000000,9334000,235.44000000,,111534
MSTR,2022-06-07,10.00000000,9334000,240.00000000,,111534
MSTR,2022-06-08,10.00000000,9334000,232.89000000,,111534
MSTR,2022-06-09,10.00000000,9334000,217.76000000,,111534
MSTR,2022-06-10,10.00000000,9334000,203.36000000,,111534
MSTR,2022-06-13,10.00000000,9334000,152.15000000,,111534
MSTR,2022-06-14,10.00000000,9334000,156.87000000,,111534
MSTR,2022-06-15,10.00000000,9334000,171.34000000,,111534
MSTR,2022-06-16,10.00000000,9334000,161.34000000,,111534
MSTR,2022-06-17,10.00000000,9334000,167.60000000,,111534
MSTR,2022-06-21,10.00000000,9334000,178.96000000,,111534
MSTR,2022-06-22,10.00000000,9334000,170.91000000,,111534
MSTR,2022-06-23,10.00000000,9334000,188.31000000,,111534
MSTR,2022-06-24,10.00000000,9334000,205.44000000,,111534
MSTR,2022-06-27,10.00000000,9334000,196.73000000,,111534
MSTR,2022-06-28,10.00000000,9334000,186.12000000,,111534
MSTR,2022-06-29,10.00000000,9334000,179.69000000,,111534
MSTR,2022-06-30,10.00000000,9334000,164.30000000,,111534
MSTR,2022-07-01,10.00000000,9334000,166.77000000,,111534
MSTR,2022-07-05,10.00000000,9334000,187.68000000,,111534
MSTR,2022-07-06,10.00000000,9334000,188.30000000,,111534
MSTR,2022-07-07,10.00000000,9334000,219.51000000,,111534
MSTR,2022-07-08,10.00000000,9334000,221.28000000,,111534
MSTR,2022-07-11,10.00000000,9334000,200.90000000,,111534
MSTR,2022-07-12,10.00000000,9334000,192.52000000,,111534
MSTR,2022-07-13,10.00000000,9334000,195.55000000,,111534
MSTR,2022-07-14,10.00000000,9334000,204.59000000,,111534
MSTR,2022-07-15,10.00000000,9334000,213.98000000,,111534
MSTR,2022-07-18,10.00000000,9334000,225.63000000,,111534
MSTR,2022-07-19,10.00000000,9334000,267.17000000,,111534
MSTR,2022-07-20,10.00000000,9334000,288.77000000,,111534
MSTR,2022-07-21,10.00000000,9334000,289.71000000,,111534
MSTR,2022-07-22,10.00000000,9334000,281.92000000,,111534
MSTR,2022-07-25,10.00000000,9334000,265.86000000,,111534
MSTR,2022-07-26,10.00000000,9334000,237.64000000,,111534
MSTR,2022-07-27,10.00000000,9334000,262.40000000,,111534
MSTR,2022-07-28,10.00000000,9334000,275.72000000,,111534
MSTR,2022-07-29,10.00000000,9334000,286.06000000,,111534
MSTR,2022-08-01,10.00000000,9334000,275.74000000,,111534
MSTR,2022-08-02,10.00000000,9334000,278.26000000,,111534
MSTR,2022-08-03,10.00000000,9334000,313.68000000,,111534
MSTR,2022-08-04,10.00000000,9334000,309.31000000,,111534
MSTR,2022-08-05,10.00000000,9334000,319.15000000,,111534
MSTR,2022-08-08,10.00000000,9337000,330.01000000,,111534
MSTR,2022-08-09,10.00000000,9337000,319.38000000,,111534
MSTR,2022-08-10,10.00000000,9337000,335.80000000,,111534
MSTR,2022-08-11,10.00000000,9337000,336.99000000,,111534
MSTR,2022-08-12,10.00000000,9337000,352.84000000,,111534
MSTR,2022-08-15,10.00000000,9337000,349.08000000,,111534
MSTR,2022-08-16,10.00000000,9337000,342.64000000,,111534
MSTR,2022-08-17,10.00000000,9337000,325.20000000,,111534
MSTR,2022-08-18,10.00000000,9337000,324.38000000,,111534
MSTR,2022-08-19,10.00000000,9337000,283.00000000,,111534
MSTR,2022-08-22,10.00000000,9337000,268.09000000,,111534
MSTR,2022-08-23,10.00000000,9337000,265.80000000,,111534
MSTR,2022-08-24,10.00000000,9337000,274.41000000,,111534
MSTR,2022-08-25,10.00000000,9337000,272.81000000,,111534
MSTR,2022-08-26,10.00000000,9337000,249.20000000,,111534
MSTR,2022-08-29,10.00000000,9337000,244.96000000,,111534
MSTR,2022-08-30,10.00000000,9337000,240.23000000,,111534
MSTR,2022-08-31,10.00000000,9337000,231.56000000,,111534
MSTR,2022-09-01,10.00000000,9337000,220.92000000,,111534
MSTR,2022-09-02,10.00000000,9337000,218.06000000,,111534
MSTR,2022-09-06,10.00000000,9337000,204.25000000,,111534
MSTR,2022-09-07,10.00000000,9337000,218.61000000,,111534
MSTR,2022-09-08,10.00000000,9337000,234.50000000,,111534
MSTR,2022-09-09,10.00000000,9337000,261.97000000,,111534
MSTR,2022-09-12,10.00000000,9342000,262.98000000,,111534
MSTR,2022-09-13,10.00000000,9342000,231.25000000,,111534
MSTR,2022-09-14,10.00000000,9342000,225.99000000,,111534
MSTR,2022-09-15,10.00000000,9342000,216.94000000,,111534
MSTR,2022-09-16,10.00000000,9342000,206.34000000,,111534
MSTR,2022-09-19,10.00000000,9342000,206.20000000,,111534
MSTR,2022-09-20,10.00000000,9342000,196.60000000,,111534
MSTR,2022-09-21,10.00000000,9342000,195.92000000,,111534
MSTR,2022-09-22,10.00000000,9342000,192.32000000,,111534
MSTR,2022-09-23,10.00000000,9342000,191.45000000,,111534
MSTR,2022-09-26,10.00000000,9342000,200.18000000,,111534
MSTR,2022-09-27,10.00000000,9342000,206.07000000,,111534
MSTR,2022-09-28,10.00000000,9342000,220.47000000,,111534
MSTR,2022-09-29,10.00000000,9342000,211.82000000,,111534
MSTR,2022-09-30,10.00000000,9342000,212.26000000,,111534
MSTR,2022-10-03,10.00000000,9342000,224.52000000,,111534
MSTR,2022-10-04,10.00000000,9342000,248.74000000,,111534
MSTR,2022-10-05,10.00000000,9342000,242.19000000,,111534
MSTR,2022-10-06,10.00000000,9342000,241.67000000,,111534
MSTR,2022-10-07,10.00000000,9342000,220.30000000,,111534
MSTR,2022-10-10,10.00000000,9342000,220.65000000,,111534
MSTR,2022-10-11,10.00000000,9342000,216.37000000,,111534
MSTR,2022-10-12,10.00000000,9342000,218.38000000,,111534
MSTR,2022-10-13,10.00000000,9342000,220.54000000,,111534
MSTR,2022-10-14,10.00000000,9342000,209.31000000,,111534
MSTR,2022-10-17,10.00000000,9342000,221.13000000,,111534
MSTR,2022-10-18,10.00000000,9342000,235.00000000,,111534
MSTR,2022-10-19,10.00000000,9342000,226.08000000,,111534
MSTR,2022-10-20,10.00000000,9342000,221.01000000,,111534
MSTR,2022-10-21,10.00000000,9342000,232.62000000,,111534
MSTR,2022-10-24,10.00000000,9342000,237.60000000,,111534
MSTR,2022-10-25,10.00000000,9342000,268.69000000,,111534
MSTR,2022-10-26,10.00000000,9342000,272.72000000,,111534
MSTR,2022-10-27,10.00000000,9342000,270.56000000,,111534
MSTR,2022-10-28,10.00000000,9342000,279.99000000,,111534
MSTR,2022-10-31,10.00000000,9342000,267.51000000,,111534
MSTR,2022-11-01,10.00000000,9342000,257.20000000,,111534
MSTR,2022-11-02,10.00000000,9342000,248.23000000,,111534
MSTR,2022-11-03,10.00000000,9354000,248.44000000,,111534
MSTR,2022-11-04,10.00000000,9354000,277.10000000,,111534
MSTR,2022-11-07,10.00000000,9354000,266.64000000,,111534
MSTR,2022-11-08,10.00000000,9354000,211.84000000,,111534
MSTR,2022-11-09,10.00000000,9354000,170.36000000,,111534
MSTR,2022-11-10,10.00000000,9354000,175.00000000,,111534
MSTR,2022-11-11,10.00000000,9354000,175.18000000,,111534
MSTR,2022-11-14,10.00000000,9354000,165.90000000,,111534
MSTR,2022-11-15,10.00000000,9354000,171.53000000,,111534
MSTR,2022-11-16,10.00000000,9354000,169.44000000,,111534
MSTR,2022-11-17,10.00000000,9354000,173.88000000,,111534
MSTR,2022-11-18,10.00000000,9354000,170.12000000,,111534
MSTR,2022-11-21,10.00000000,9354000,157.22000000,,111534
MSTR,2022-11-22,10.00000000,9354000,167.08000000,,111534
MSTR,2022-11-23,10.00000000,9354000,176.39000000,,111534
MSTR,2022-11-25,10.00000000,9354000,183.00000000,,111534
MSTR,2022-11-28,10.00000000,9354000,176.67000000,,111534
MSTR,2022-11-29,10.00000000,9354000,182.00000000,,111534
MSTR,2022-11-30,10.00000000,9354000,198.09000000,,111534
MSTR,2022-12-01,10.00000000,9354000,198.98000000,,111534
MSTR,2022-12-02,10.00000000,9354000,206.94000000,,111534
MSTR,2022-12-05,10.00000000,9354000,195.67000000,,111534
MSTR,2022-12-06,10.00000000,9354000,195.52000000,,111534
MSTR,2022-12-07,10.00000000,9354000,193.49000000,,111534
MSTR,2022-12-08,10.00000000,9354000,202.57000000,,111534
MSTR,2022-12-09,10.00000000,9354000,203.25000000,,111534
MSTR,2022-12-12,10.00000000,9354000,196.16000000,,111534
MSTR,2022-12-13,10.00000000,9354000,201.81000000,,111534
MSTR,2022-12-14,10.00000000,9354000,202.73000000,,111534
MSTR,2022-12-15,10.00000000,9354000,188.00000000,,111534
MSTR,2022-12-16,10.00000000,9354000,173.75000000,,111534
MSTR,2022-12-19,10.00000000,9354000,170.21000000,,111534
MSTR,2022-12-20,10.00000000,9354000,168.85000000,,111534
MSTR,2022-12-21,10.00000000,9354000,168.82000000,,111534
MSTR,2022-12-22,10.00000000,9354000,166.23000000,,111534
MSTR,2022-12-23,10.00000000,9354000,162.67000000,,111534
MSTR,2022-12-27,10.00000000,9354000,147.74000000,,111534
MSTR,2022-12-28,10.00000000,9354000,138.09000000,,111534
MSTR,2022-12-29,10.00000000,9354000,136.63000000,,111534
MSTR,2022-12-30,10.00000000,9354000,141.57000000,,111534
MSTR,2023-01-03,10.00000000,9354000,145.02000000,,111534
MSTR,2023-01-04,10.00000000,9354000,165.06000000,,111534
MSTR,2023-01-05,10.00000000,9354000,156.56000000,,111534
MSTR,2023-01-06,10.00000000,9354000,160.45000000,,111534
MSTR,2023-01-09,10.00000000,9354000,175.01000000,,111534
MSTR,2023-01-10,10.00000000,9354000,190.00000000,,111534
MSTR,2023-01-11,10.00000000,9354000,194.76000000,,111534
MSTR,2023-01-12,10.00000000,9354000,210.17000000,,111534
MSTR,2023-01-13,10.00000000,9354000,216.97000000,,111534
MSTR,2023-01-17,10.00000000,9354000,235.92000000,,111534
MSTR,2023-01-18,10.00000000,9354000,221.19000000,,111534
MSTR,2023-01-19,10.00000000,9354000,221.45000000,,111534
MSTR,2023-01-20,10.00000000,9354000,240.03000000,,111534
MSTR,2023-01-23,10.00000000,9354000,250.21500000,,111534
MSTR,2023-01-24,10.00000000,9354000,247.50000000,,111534
MSTR,2023-01-25,10.00000000,9354000,245.84000000,,111534
MSTR,2023-01-26,10.00000000,9354000,245.32000000,,111534
MSTR,2023-01-27,10.00000000,9354000,258.36000000,,111534
MSTR,2023-01-30,10.00000000,9354000,245.69000000,,111534
MSTR,2023-01-31,10.00000000,9354000,251.73000000,,111534
MSTR,2023-02-01,10.00000000,9354000,267.92000000,,111534
MSTR,2023-02-02,10.00000000,9354000,292.13000000,,111534
MSTR,2023-02-03,10.00000000,9354000,284.76000000,,111534
MSTR,2023-02-06,10.00000000,9354000,282.05000000,,111534
MSTR,2023-02-07,10.00000000,9354000,283.87000000,,111534
MSTR,2023-02-08,10.00000000,9354000,275.96000000,,111534
MSTR,2023-02-09,10.00000000,9354000,249.04000000,,111534
MSTR,2023-02-10,10.00000000,9354000,243.37000000,,111534
MSTR,2023-02-13,10.00000000,9354000,249.25000000,,111534
MSTR,2023-02-14,10.00000000,9354000,271.14000000,,111534
MSTR,2023-02-15,10.00000000,9354000,298.40000000,,111534
MSTR,2023-02-16,10.00000000,9354000,284.03000000,,111534
MSTR,2023-02-17,10.00000000,9585000,294.05000000,,111534
MSTR,2023-02-21,10.00000000,9585000,269.92000000,,111534
MSTR,2023-02-22,10.00000000,9585000,268.58000000,,111534
MSTR,2023-02-23,10.00000000,9585000,265.75000000,,111534
MSTR,2023-02-24,10.00000000,9585000,255.80000000,,111534
MSTR,2023-02-27,10.00000000,9585000,258.65000000,,111534
MSTR,2023-02-28,10.00000000,9585000,262.27000000,,111534
MSTR,2023-03-01,10.00000000,9585000,257.91000000,,111534
MSTR,2023-03-02,10.00000000,9585000,252.89000000,,111534
MSTR,2023-03-03,10.00000000,9585000,246.91000000,,111534
MSTR,2023-03-06,10.00000000,9585000,237.45000000,,111534
MSTR,2023-03-07,10.00000000,9585000,231.44000000,,111534
MSTR,2023-03-08,10.00000000,9585000,232.72000000,,111534
MSTR,2023-03-09,10.00000000,9585000,210.82000000,,111534
MSTR,2023-03-10,10.00000000,9585000,192.01000000,,111534
MSTR,2023-03-13,10.00000000,9585000,223.16000000,,111534
MSTR,2023-03-14,10.00000000,9585000,229.47000000,,111534
MSTR,2023-03-15,10.00000000,9585000,227.55000000,,111534
MSTR,2023-03-16,10.00000000,9585000,241.08000000,,111534
MSTR,2023-03-17,10.00000000,9585000,267.66000000,,111534
MSTR,2023-03-20,10.00000000,9585000,263.96000000,,111534
MSTR,2023-03-21,10.00000000,9585000,273.38000000,,111534
MSTR,2023-03-22,10.00000000,9585000,246.86000000,,111534
MSTR,2023-03-23,10.00000000,9585000,263.33000000,,111534
MSTR,2023-03-24,10.00000000,9585000,256.67000000,,111534
MSTR,2023-03-27,10.00000000,9585000,238.96000000,,111534
MSTR,2023-03-28,10.00000000,9585000,248.26000000,,111534
MSTR,2023-03-29,10.00000000,9585000,284.03000000,,111534
MSTR,2023-03-30,10.00000000,9585000,279.23000000,,111534
MSTR,2023-03-31,10.00000000,9585000,292.32000000,,111534
MSTR,2023-04-03,10.00000000,9585000,297.39000000,,111534
MSTR,2023-04-04,10.00000000,9585000,298.98000000,,111534
MSTR,2023-04-05,10.00000000,9585000,290.84000000,,111534
MSTR,2023-04-06,10.00000000,9585000,290.10000000,,111534
MSTR,2023-04-10,10.00000000,9585000,312.78000000,,111534
MSTR,2023-04-11,10.00000000,9585000,332.35000000,,111534
MSTR,2023-04-12,10.00000000,9585000,322.83000000,,111534
MSTR,2023-04-13,10.00000000,9585000,340.72000000,,111534
MSTR,2023-04-14,10.00000000,9585000,333.75000000,,111534
MSTR,2023-04-17,10.00000000,9585000,313.03000000,,111534
MSTR,2023-04-18,10.00000000,9585000,329.85000000,,111534
MSTR,2023-04-19,10.00000000,9585000,314.72000000,,111534
MSTR,2023-04-20,10.00000000,9585000,294.71000000,,111534
MSTR,2023-04-21,10.00000000,9585000,291.02000000,,111534
MSTR,2023-04-24,10.00000000,9585000,285.33000000,,111534
MSTR,2023-04-25,10.00000000,9585000,290.91000000,,111534
MSTR,2023-04-26,10.00000000,9585000,299.46000000,,111534
MSTR,2023-04-27,10.00000000,9585000,318.64000000,,111534
MSTR,2023-04-28,10.00000000,9585000,328.38000000,,111534
MSTR,2023-05-01,10.00000000,9585000,307.47000000,,111534
MSTR,2023-05-02,10.00000000,9585000,328.01000000,,111534
MSTR,2023-05-03,10.00000000,9585000,304.25000000,,111534
MSTR,2023-05-04,10.00000000,9585000,312.23500000,,111534
MSTR,2023-05-05,10.00000000,9585000,326.72000000,,111534
MSTR,2023-05-08,10.00000000,9585000,294.67000000,,111534
MSTR,2023-05-09,10.00000000,9585000,303.43000000,,111534
MSTR,2023-05-10,10.00000000,9585000,315.11000000,,111534
MSTR,2023-05-11,10.00000000,9585000,287.37000000,,111534
MSTR,2023-05-12,10.00000000,9585000,271.00000000,,111534
MSTR,2023-05-15,10.00000000,10995000,282.50000000,,111534
MSTR,2023-05-16,10.00000000,10995000,273.44000000,,111534
MSTR,2023-05-17,10.00000000,10995000,290.57000000,,111534
MSTR,2023-05-18,10.00000000,10995000,287.58000000,,111534
MSTR,2023-05-19,10.00000000,10995000,288.28000000,,111534
MSTR,2023-05-22,10.00000000,10995000,294.12000000,,111534
MSTR,2023-05-23,10.00000000,10995000,289.33000000,,111534
MSTR,2023-05-24,10.00000000,10995000,284.43000000,,111534
MSTR,2023-05-25,10.00000000,10995000,280.99000000,,111534
MSTR,2023-05-26,10.00000000,10995000,285.10000000,,111534
MSTR,2023-05-30,10.00000000,10995000,299.27000000,,111534
MSTR,2023-05-31,10.00000000,10995000,301.63000000,,111534
MSTR,2023-06-01,10.00000000,10995000,299.94000000,,111534
MSTR,2023-06-02,10.00000000,10995000,302.13000000,,111534
MSTR,2023-06-05,10.00000000,10995000,276.36000000,,111534
MSTR,2023-06-06,10.00000000,10995000,298.82000000,,111534
MSTR,2023-06-07,10.00000000,10995000,290.81000000,,111534
MSTR,2023-06-08,10.00000000,10995000,290.93000000,,111534
MSTR,2023-06-09,10.00000000,10995000,282.33000000,,111534
MSTR,2023-06-12,10.00000000,10995000,277.70000000,,111534
MSTR,2023-06-13,10.00000000,10995000,283.82000000,,111534
MSTR,2023-06-14,10.00000000,10995000,282.88000000,,111534
MSTR,2023-06-15,10.00000000,10995000,277.92000000,,111534
MSTR,2023-06-16,10.00000000,10995000,293.39000000,,111534
MSTR,2023-06-20,10.00000000,10995000,313.40000000,,111534
MSTR,2023-06-21,10.00000000,10995000,331.31000000,,111534
MSTR,2023-06-22,10.00000000,10995000,327.23000000,,111534
MSTR,2023-06-23,10.00000000,10995000,329.11000000,,111534
MSTR,2023-06-26,10.00000000,10995000,305.74000000,,111534
MSTR,2023-06-27,10.00000000,10995000,324.88000000,,111534
MSTR,2023-06-28,10.00000000,10995000,325.61000000,,111534
MSTR,2023-06-29,10.00000000,10995000,340.25500000,,111534
MSTR,2023-06-30,10.00000000,10995000,342.42000000,,111534
MSTR,2023-07-03,10.00000000,10995000,377.84000000,,111534
MSTR,2023-07-05,10.00000000,10995000,378.11000000,,111534
MSTR,2023-07-06,10.00000000,10995000,376.55000000,,111534
MSTR,2023-07-07,10.00000000,10995000,380.74000000,,111534
MSTR,2023-07-10,10.00000000,10995000,407.71000000,,111534
MSTR,2023-07-11,10.00000000,10995000,412.30000000,,111534
MSTR,2023-07-12,10.00000000,10995000,413.49000000,,111534
MSTR,2023-07-13,10.00000000,10995000,461.83000000,,111534
MSTR,2023-07-14,10.00000000,10995000,458.86000000,,111534
MSTR,2023-07-17,10.00000000,10995000,449.88000000,,111534
MSTR,2023-07-18,10.00000000,10995000,445.79500000,,111534
MSTR,2023-07-19,10.00000000,10995000,453.10000000,,111534
MSTR,2023-07-20,10.00000000,10995000,440.83000000,,111534
MSTR,2023-07-21,10.00000000,10995000,436.65000000,,111534
MSTR,2023-07-24,10.00000000,10995000,430.93500000,,111534
MSTR,2023-07-25,10.00000000,10995000,436.82000000,,111534
MSTR,2023-07-26,10.00000000,10995000,443.46000000,,111534
MSTR,2023-07-27,10.00000000,10995000,426.15000000,,111534
MSTR,2023-07-28,10.00000000,10995000,434.61000000,,111534
MSTR,2023-07-31,10.00000000,10995000,437.88000000,,111534
MSTR,2023-08-01,10.00000000,10995000,434.98000000,,111534
MSTR,2023-08-02,10.00000000,12123000,407.33000000,,111534
MSTR,2023-08-03,10.00000000,12123000,389.91000000,,111534
MSTR,2023-08-04,10.00000000,12123000,376.97000000,,111534
MSTR,2023-08-07,10.00000000,12123000,370.82000000,,111534
MSTR,2023-08-08,10.00000000,12123000,389.48000000,,111534
MSTR,2023-08-09,10.00000000,12123000,377.84000000,,111534
MSTR,2023-08-10,10.00000000,12123000,378.01000000,,111534
MSTR,2023-08-11,10.00000000,12123000,384.31000000,,111534
MSTR,2023-08-14,10.00000000,12123000,388.83000000,,111534
MSTR,2023-08-15,10.00000000,12123000,376.15000000,,111534
MSTR,2023-08-16,10.00000000,12123000,369.67000000,,111534
MSTR,2023-08-17,10.00000000,12123000,346.79000000,,111534
MSTR,2023-08-18,10.00000000,12123000,328.62000000,,111534
MSTR,2023-08-21,10.00000000,12123000,335.25000000,,111534
MSTR,2023-08-22,10.00000000,12123000,329.51000000,,111534
MSTR,2023-08-23,10.00000000,12123000,346.40000000,,111534
MSTR,2023-08-24,10.00000000,12123000,336.56000000,,111534
MSTR,2023-08-25,10.00000000,12123000,336.05000000,,111534
MSTR,2023-08-28,10.00000000,12123000,344.37000000,,111534
MSTR,2023-08-29,10.00000000,12123000,381.52000000,,111534
MSTR,2023-08-30,10.00000000,12123000,371.68000000,,111534
MSTR,2023-08-31,10.00000000,12123000,357.53000000,,111534
MSTR,2023-09-01,10.00000000,12123000,351.48000000,,111534
MSTR,2023-09-05,10.00000000,12123000,349.25000000,,111534
MSTR,2023-09-06,10.00000000,12123000,350.70000000,,111534
MSTR,2023-09-07,10.00000000,12123000,353.07000000,,111534
MSTR,2023-09-08,10.00000000,12123000,356.28000000,,111534
MSTR,2023-09-11,10.00000000,12123000,342.68000000,,111534
MSTR,2023-09-12,10.00000000,12123000,347.76000000,,111534
MSTR,2023-09-13,10.00000000,12123000,341.84000000,,111534
MSTR,2023-09-14,10.00000000,12123000,346.40000000,,111534
MSTR,2023-09-15,10.00000000,12123000,340.78000000,,111534
MSTR,2023-09-18,10.00000000,12123000,340.62000000,,111534
MSTR,2023-09-19,10.00000000,12123000,339.26000000,,111534
MSTR,2023-09-20,10.00000000,12123000,333.47000000,,111534
MSTR,2023-09-21,10.00000000,12123000,326.06000000,,111534
MSTR,2023-09-22,10.00000000,12123000,322.81000000,,111534
MSTR,2023-09-25,10.00000000,12123000,327.60000000,,111534
MSTR,2023-09-26,10.00000000,12123000,317.30000000,,111534
MSTR,2023-09-27,10.00000000,12123000,315.63000000,,111534
MSTR,2023-09-28,10.00000000,12123000,328.92000000,,111534
MSTR,2023-09-29,10.00000000,12123000,328.28000000,,111534
MSTR,2023-10-02,10.00000000,12123000,329.49000000,,111534
MSTR,2023-10-03,10.00000000,12123000,311.33000000,,111534
MSTR,2023-10-04,10.00000000,12123000,320.40000000,,111534
MSTR,2023-10-05,10.00000000,12123000,323.42000000,,111534
MSTR,2023-10-06,10.00000000,12123000,340.63000000,,111534
MSTR,2023-10-09,10.00000000,12123000,340.45000000,,111534
MSTR,2023-10-10,10.00000000,12123000,340.46000000,,111534
MSTR,2023-10-11,10.00000000,12123000,334.61000000,,111534
MSTR,2023-10-12,10.00000000,12123000,323.60000000,,111534
MSTR,2023-10-13,10.00000000,12123000,318.22000000,,111534
MSTR,2023-10-16,10.00000000,12123000,325.80000000,,111534
MSTR,2023-10-17,10.00000000,12123000,335.41000000,,111534
MSTR,2023-10-18,10.00000000,12123000,329.14000000,,111534
MSTR,2023-10-19,10.00000000,12123000,342.35000000,,111534
MSTR,2023-10-20,10.00000000,12123000,348.04000000,,111534
MSTR,2023-10-23,10.00000000,12123000,377.49000000,,111534
MSTR,2023-10-24,10.00000000,12123000,424.87000000,,111534
MSTR,2023-10-25,10.00000000,12123000,433.22000000,,111534
MSTR,2023-10-26,10.00000000,12123000,413.45000000,,111534
MSTR,2023-10-27,10.00000000,12123000,406.76000000,,111534
MSTR,2023-10-30,10.00000000,12123000,420.22000000,,111534
MSTR,2023-10-31,10.00000000,12123000,423.39000000,,111534
MSTR,2023-11-01,10.00000000,12123000,426.67000000,,111534
MSTR,2023-11-02,10.00000000,12123000,453.63000000,,111534
MSTR,2023-11-03,10.00000000,12554000,453.95000000,,111534
MSTR,2023-11-06,10.00000000,12554000,459.63000000,,111534
MSTR,2023-11-07,10.00000000,12554000,473.55000000,,111534
MSTR,2023-11-08,10.00000000,12554000,474.50000000,,111534
MSTR,2023-11-09,10.00000000,12554000,494.07000000,,111534
MSTR,2023-11-10,10.00000000,12554000,509.18000000,,111534
MSTR,2023-11-13,10.00000000,12554000,504.88000000,,111534
MSTR,2023-11-14,10.00000000,12554000,480.00000000,,111534
MSTR,2023-11-15,10.00000000,12554000,505.95000000,,111534
MSTR,2023-11-16,10.00000000,12554000,489.08000000,,111534
MSTR,2023-11-17,10.00000000,12554000,486.22000000,,111534
MSTR,2023-11-20,10.00000000,12554000,508.53000000,,111534
MSTR,2023-11-21,10.00000000,12554000,493.04000000,,111534
MSTR,2023-11-22,10.00000000,12554000,507.88000000,,111534
MSTR,2023-11-24,10.00000000,12554000,520.24000000,,111534
MSTR,2023-11-27,10.00000000,12554000,495.38000000,,111534
MSTR,2023-11-28,10.00000000,12554000,505.87000000,,111534
MSTR,2023-11-29,10.00000000,12554000,507.10000000,,111534
MSTR,2023-11-30,10.00000000,12554000,498.30000000,,111534
MSTR,2023-12-01,10.00000000,12554000,527.68000000,,111534
MSTR,2023-12-04,10.00000000,13673000,563.22000000,,111534
MSTR,2023-12-05,10.00000000,13673000,577.50000000,,111534
MSTR,2023-12-06,10.00000000,13673000,568.88500000,,111534
MSTR,2023-12-07,10.00000000,13673000,571.09000000,,111534
MSTR,2023-12-08,10.00000000,13673000,599.39000000,,111534
MSTR,2023-12-11,10.00000000,13673000,555.80000000,,111534
MSTR,2023-12-12,10.00000000,13673000,558.32000000,,111534
MSTR,2023-12-13,10.00000000,13673000,586.00000000,,111534
MSTR,2023-12-14,10.00000000,13673000,582.37000000,,111534
MSTR,2023-12-15,10.00000000,13673000,570.41000000,,111534
MSTR,2023-12-18,10.00000000,13673000,571.90000000,,111534
MSTR,2023-12-19,10.00000000,13673000,571.30000000,,111534
MSTR,2023-12-20,10.00000000,13673000,573.47000000,,111534
MSTR,2023-12-21,10.00000000,13673000,581.95000000,,111534
MSTR,2023-12-22,10.00000000,13673000,619.24000000,,111534
MSTR,2023-12-26,10.00000000,13673000,603.89000000,,111534
MSTR,2023-12-27,10.00000000,13673000,670.71000000,,111534
MSTR,2023-12-28,10.00000000,13673000,667.88000000,,111534
MSTR,2023-12-29,10.00000000,14750000,631.62000000,,111534
MSTR,2024-01-02,10.00000000,14750000,685.15000000,,111534
MSTR,2024-01-03,10.00000000,14750000,631.06000000,,111534
MSTR,2024-01-04,10.00000000,14750000,655.81000000,,111534
MSTR,2024-01-05,10.00000000,14750000,631.08000000,,111534
MSTR,2024-01-08,10.00000000,14750000,598.01000000,,111534
MSTR,2024-01-09,10.00000000,14750000,577.29000000,,111534
MSTR,2024-01-10,10.00000000,14750000,565.67000000,,111534
MSTR,2024-01-11,10.00000000,14750000,536.18000000,,111534
MSTR,2024-01-12,10.00000000,14750000,485.53000000,,111534
MSTR,2024-01-16,10.00000000,14750000,482.14000000,,111534
MSTR,2024-01-17,10.00000000,14750000,499.00000000,,111534
MSTR,2024-01-18,10.00000000,14750000,486.60000000,,111534
MSTR,2024-01-19,10.00000000,14750000,481.00000000,,111534
MSTR,2024-01-22,10.00000000,14750000,470.19000000,,111534
MSTR,2024-01-23,10.00000000,14750000,450.19000000,,111534
MSTR,2024-01-24,10.00000000,14750000,450.99000000,,111534
MSTR,2024-01-25,10.00000000,14750000,457.78000000,,111534
MSTR,2024-01-26,10.00000000,14750000,494.50000000,,111534
MSTR,2024-01-29,10.00000000,14750000,513.81000000,,111534
MSTR,2024-01-30,10.00000000,14750000,519.51000000,,111534
MSTR,2024-01-31,10.00000000,14750000,501.21000000,,111534
MSTR,2024-02-01,10.00000000,14750000,503.48000000,,111534
MSTR,2024-02-02,10.00000000,14750000,500.10000000,,111534
MSTR,2024-02-05,10.00000000,14750000,490.60000000,,111534
MSTR,2024-02-06,10.00000000,14750000,498.00000000,,111534
MSTR,2024-02-07,10.00000000,14750000,508.01000000,,111534
MSTR,2024-02-08,10.00000000,14904000,587.81000000,,111534
MSTR,2024-02-09,10.00000000,14904000,646.32000000,,111534
MSTR,2024-02-12,10.00000000,14904000,717.52000000,,111534
MSTR,2024-02-13,10.00000000,14904000,686.02000000,,111534
MSTR,2024-02-14,10.00000000,14904000,769.88000000,,111534
MSTR,2024-02-15,10.00000000,14904000,718.00000000,,111534
MSTR,2024-02-16,10.00000000,14904000,699.56000000,,111534
MSTR,2024-02-20,10.00000000,15004000,704.98000000,,111534
MSTR,2024-02-21,10.00000000,15004000,672.80000000,,111534
MSTR,2024-02-22,10.00000000,15004000,713.15000000,,111534
MSTR,2024-02-23,10.00000000,15004000,687.44000000,,111534
MSTR,2024-02-26,10.00000000,15004000,796.48000000,,111534
MSTR,2024-02-27,10.00000000,15004000,871.80000000,,111534
MSTR,2024-02-28,10.00000000,15004000,962.95000000,,111534
MSTR,2024-02-29,10.00000000,15004000,1022.84000000,,111534
MSTR,2024-03-01,10.00000000,15004000,1079.39000000,,111534
MSTR,2024-03-04,10.00000000,15004000,1334.01000000,,111534
MSTR,2024-03-05,10.00000000,15004000,1051.01000000,,111534
MSTR,2024-03-06,10.00000000,15004000,1246.21000000,,111534
MSTR,2024-03-07,10.00000000,15004000,1300.02000000,,111534
MSTR,2024-03-08,10.00000000,15004000,1425.59000000,,111534
MSTR,2024-03-11,10.00000000,15004000,1484.23000000,,111534
MSTR,2024-03-12,10.00000000,15004000,1593.35000000,,111534
MSTR,2024-03-13,10.00000000,15004000,1766.15000000,,111534
MSTR,2024-03-14,10.00000000,15004000,1676.85000000,,111534
MSTR,2024-03-15,10.00000000,15004000,1782.36000000,,111534
MSTR,2024-03-18,10.00000000,15004000,1502.76000000,,111534
MSTR,2024-03-19,10.00000000,15004000,1417.50000000,,111534
MSTR,2024-03-20,10.00000000,15004000,1546.52000000,,111534
MSTR,2024-03-21,10.00000000,15004000,1599.29000000,,111534
MSTR,2024-03-22,10.00000000,15004000,1523.00000000,,111534
MSTR,2024-03-25,10.00000000,15004000,1856.00000000,,111534
MSTR,2024-03-26,10.00000000,15004000,1876.99000000,,111534
MSTR,2024-03-27,10.00000000,15004000,1919.16000000,,111534
MSTR,2024-03-28,10.00000000,15004000,1704.56000000,,111534
MSTR,2024-04-01,10.00000000,15004000,1636.74000000,,111534
MSTR,2024-04-02,10.00000000,15004000,1578.83000000,,111534
MSTR,2024-04-03,10.00000000,15004000,1606.11000000,,111534
MSTR,2024-04-04,10.00000000,15004000,1615.42000000,,111534
MSTR,2024-04-05,10.00000000,15004000,1439.00000000,,111534
MSTR,2024-04-08,10.00000000,15004000,1512.99000000,,111534
MSTR,2024-04-09,10.00000000,15004000,1441.02000000,,111534
MSTR,2024-04-10,10.00000000,15004000,1566.00000000,,111534
MSTR,2024-04-11,10.00000000,15004000,1551.81000000,,111534
MSTR,2024-04-12,10.00000000,15004000,1479.58000000,,111534
MSTR,2024-04-15,10.00000000,15004000,1335.88000000,,111534
MSTR,2024-04-16,10.00000000,15004000,1254.03000000,,111534
MSTR,2024-04-17,10.00000000,15004000,1188.05000000,,111534
MSTR,2024-04-18,10.00000000,15004000,1208.16000000,,111534
MSTR,2024-04-19,10.00000000,15004000,1174.11000000,,111534
MSTR,2024-04-22,10.00000000,15004000,1324.01000000,,111534
MSTR,2024-04-23,10.00000000,15004000,1338.64000000,,111534
MSTR,2024-04-24,10.00000000,15004000,1265.67000000,,111534
MSTR,2024-04-25,10.00000000,15004000,1240.41000000,,111534
MSTR,2024-04-26,10.00000000,15004000,1282.38000000,,111534
MSTR,2024-04-29,10.00000000,15004000,1292.97000000,,111534
MSTR,2024-04-30,10.00000000,15004000,1065.03000000,,111534
MSTR,2024-05-01,10.00000000,15004000,1028.27000000,,111534
MSTR,2024-05-02,10.00000000,15004000,1129.42000000,,111534
MSTR,2024-05-03,10.00000000,15004000,1223.01000000,,111534
MSTR,2024-05-06,10.00000000,15673000,1268.81000000,,111534
MSTR,2024-05-07,10.00000000,15673000,1257.45000000,,111534
MSTR,2024-05-08,10.00000000,15673000,1233.12000000,,111534
MSTR,2024-05-09,10.00000000,15673000,1263.64000000,,111534
MSTR,2024-05-10,10.00000000,15673000,1180.48000000,,111534
MSTR,2024-05-13,10.00000000,15773000,1245.96000000,,111534
MSTR,2024-05-14,10.00000000,15773000,1297.63000000,,111534
MSTR,2024-05-15,10.00000000,15773000,1503.47000000,,111534
MSTR,2024-05-16,10.00000000,15773000,1439.98000000,,111534
MSTR,2024-05-17,10.00000000,15773000,1584.50000000,,111534
MSTR,2024-05-20,10.00000000,15773000,1727.24000000,,111534
MSTR,2024-05-21,10.00000000,15773000,1655.42000000,,111534
MSTR,2024-05-22,10.00000000,15773000,1647.00000000,,111534
MSTR,2024-05-23,10.00000000,15773000,1544.07000000,,111534
MSTR,2024-05-24,10.00000000,15773000,1684.84000000,,111534
MSTR,2024-05-28,10.00000000,15773000,1675.35000000,,111534
MSTR,2024-05-29,10.00000000,15773000,1618.70000000,,111534
MSTR,2024-05-30,10.00000000,15773000,1541.00000000,,111534
MSTR,2024-05-31,10.00000000,15773000,1524.49000000,,111534
MSTR,2024-06-03,10.00000000,15773000,1627.41000000,,111534
MSTR,2024-06-04,10.00000000,15773000,1638.77000000,,111534
MSTR,2024-06-05,10.00000000,15773000,1694.69000000,,111534
MSTR,2024-06-06,10.00000000,15773000,1656.63000000,,111534
MSTR,2024-06-07,10.00000000,15773000,1596.20000000,,111534
MSTR,2024-06-10,10.00000000,15773000,1599.92000000,,111534
MSTR,2024-06-11,10.00000000,15773000,1555.49000000,,111534
MSTR,2024-06-12,10.00000000,15773000,1603.67000000,,111534
MSTR,2024-06-13,10.00000000,15773000,1483.88000000,,111534
MSTR,2024-06-14,10.00000000,15773000,1495.54000000,,111534
MSTR,2024-06-17,10.00000000,15773000,1507.26000000,,111534
MSTR,2024-06-18,10.00000000,15773000,1469.43000000,,111534
MSTR,2024-06-20,10.00000000,15773000,1465.40000000,,111534
MSTR,2024-06-21,10.00000000,15773000,1483.76000000,,111534
MSTR,2024-06-24,10.00000000,15773000,1372.15000000,,111534
MSTR,2024-06-25,10.00000000,15773000,1495.74000000,,111534
MSTR,2024-06-26,10.00000000,15773000,1457.73000000,,111534
MSTR,2024-06-27,10.00000000,15773000,1525.40000000,,111534
MSTR,2024-06-28,10.00000000,15773000,1377.48000000,,111534
MSTR,2024-07-01,10.00000000,15773000,1365.97000000,,111534
MSTR,2024-07-02,10.00000000,15773000,1320.19000000,,111534
MSTR,2024-07-03,10.00000000,15773000,1302.09000000,,111534
MSTR,2024-07-05,10.00000000,15773000,1281.72000000,,111534
MSTR,2024-07-08,10.00000000,15773000,1290.58000000,,111534
MSTR,2024-07-09,10.00000000,15773000,1301.77000000,,111534
MSTR,2024-07-10,10.00000000,15773000,1305.72000000,,111534
MSTR,2024-07-11,10.00000000,15773000,1358.56000000,,111534
MSTR,2024-07-12,10.00000000,15773000,1396.76000000,,111534
MSTR,2024-07-15,10.00000000,15773000,1611.28000000,,111534
MSTR,2024-07-16,10.00000000,15773000,1664.30000000,,111534
MSTR,2024-07-17,10.00000000,15773000,1590.00000000,,111534
MSTR,2024-07-18,10.00000000,15773000,1555.16000000,,111534
MSTR,2024-07-19,10.00000000,15773000,1778.50000000,,111534
MSTR,2024-07-22,10.00000000,15773000,1800.09000000,,111534
MSTR,2024-07-23,10.00000000,15773000,1721.77000000,,111534
MSTR,2024-07-24,10.00000000,15773000,1672.69000000,,111534
MSTR,2024-07-25,10.00000000,15773000,1606.47000000,,111534
MSTR,2024-07-26,10.00000000,15773000,1752.71000000,,111534
MSTR,2024-07-29,10.00000000,15773000,1684.85000000,,111534
MSTR,2024-07-30,10.00000000,15773000,1604.07000000,,111534
MSTR,2024-07-31,10.00000000,15773000,1614.44000000,,111534
MSTR,2024-08-01,10.00000000,15773000,1511.81000000,,111534
MSTR,2024-08-02,10.00000000,17468000,1447.99000000,,111534
MSTR,2024-08-05,10.00000000,17468000,1309.00000000,,111534
MSTR,2024-08-06,10.00000000,17468000,1369.21000000,,111534
MSTR,2024-08-07,10.00000000,17468000,1246.85000000,,111534
MSTR,2024-08-08,1.00000000,174680000,135.99000000,,111534
MSTR,2024-08-09,1.00000000,174680000,135.37000000,,111534
MSTR,2024-08-12,1.00000000,174680000,131.46000000,,111534
MSTR,2024-08-13,1.00000000,174680000,135.38000000,,111534
MSTR,2024-08-14,1.00000000,174680000,130.37000000,,111534
MSTR,2024-08-15,1.00000000,174680000,131.93000000,,111534
MSTR,2024-08-16,1.00000000,174680000,133.04000000,,111534
MSTR,2024-08-19,1.00000000,174680000,135.35000000,,111534
MSTR,2024-08-20,1.00000000,174680000,133.69000000,,111534
MSTR,2024-08-21,1.00000000,174680000,141.42000000,,111534
MSTR,2024-08-22,1.00000000,174680000,133.81000000,,111534
MSTR,2024-08-23,1.00000000,174680000,150.01000000,,111534
MSTR,2024-08-26,1.00000000,174680000,146.90000000,,111534
MSTR,2024-08-27,1.00000000,174680000,140.01000000,,111534
MSTR,2024-08-28,1.00000000,174680000,132.09000000,,111534
MSTR,2024-08-29,1.00000000,174680000,132.56000000,,111534
MSTR,2024-08-30,1.00000000,174680000,132.42000000,,111534
MSTR,2024-09-03,1.00000000,174680000,122.32000000,,111534
MSTR,2024-09-04,1.00000000,174680000,124.85000000,,111534
MSTR,2024-09-05,1.00000000,174680000,119.57000000,,111534
MSTR,2024-09-06,1.00000000,174680000,114.30000000,,111534
MSTR,2024-09-09,1.00000000,174680000,124.82000000,,111534
MSTR,2024-09-10,1.00000000,174680000,129.64000000,,111534
MSTR,2024-09-11,1.00000000,174680000,129.28000000,,111534
MSTR,2024-09-12,1.00000000,174680000,130.77000000,,111534
MSTR,2024-09-13,1.00000000,174680000,141.47000000,,111534
MSTR,2024-09-16,1.00000000,182988000,134.53000000,,111534
MSTR,2024-09-17,1.00000000,182988000,131.27000000,,111534
MSTR,2024-09-18,1.00000000,182988000,132.67000000,,111534
MSTR,2024-09-19,1.00000000,182988000,144.66000000,,111534
MSTR,2024-09-20,1.00000000,182988000,144.78000000,,111534
MSTR,2024-09-23,1.00000000,182988000,149.97000000,,111534
MSTR,2024-09-24,1.00000000,182995000,153.88000000,,111534
MSTR,2024-09-25,1.00000000,182995000,151.94000000,,111534
MSTR,2024-09-26,1.00000000,182995000,165.98000000,,111534
MSTR,2024-09-27,1.00000000,182995000,176.22000000,,111534
MSTR,2024-09-30,1.00000000,182995000,168.60000000,,111534
MSTR,2024-10-01,1.00000000,182995000,162.69000000,,111534
MSTR,2024-10-02,1.00000000,182995000,164.64000000,,111534
MSTR,2024-10-03,1.00000000,182995000,163.41000000,,111534
MSTR,2024-10-04,1.00000000,182995000,176.51000000,,111534
MSTR,2024-10-07,1.00000000,182995000,186.09000000,,111534
MSTR,2024-10-08,1.00000000,182995000,192.20000000,,111534
MSTR,2024-10-09,1.00000000,182995000,188.91000000,,111534
MSTR,2024-10-10,1.00000000,182995000,183.34000000,,111534
MSTR,2024-10-11,1.00000000,182995000,212.59000000,,111534
MSTR,2024-10-14,1.00000000,182995000,201.67000000,,111534
MSTR,2024-10-15,1.00000000,182995000,194.31000000,,111534
MSTR,2024-10-16,1.00000000,182995000,194.09000000,,111534
MSTR,2024-10-17,1.00000000,182995000,193.42000000,,111534
MSTR,2024-10-18,1.00000000,182995000,215.86000000,,111534
MSTR,2024-10-21,1.00000000,182995000,219.05000000,,111534
MSTR,2024-10-22,1.00000000,182995000,219.70000000,,111534
MSTR,2024-10-23,1.00000000,182995000,213.95000000,,111534
MSTR,2024-10-24,1.00000000,182995000,235.89000000,,111534
MSTR,2024-10-25,1.00000000,182995000,234.34000000,,111534
MSTR,2024-10-28,1.00000000,182995000,255.34000000,,111534
MSTR,2024-10-29,1.00000000,182995000,258.24000000,,111534
MSTR,2024-10-30,1.00000000,182995000,247.31000000,,111534
MSTR,2024-10-31,1.00000000,183004000,244.50000000,,111534
MSTR,2024-11-01,1.00000000,183004000,229.71000000,,111534
MSTR,2024-11-04,1.00000000,183004000,222.99000000,,111534
MSTR,2024-11-05,1.00000000,183004000,227.80000000,,111534
MSTR,2024-11-06,1.00000000,183004000,257.81000000,,111534
MSTR,2024-11-07,1.00000000,183004000,270.81000000,,111534
MSTR,2024-11-08,1.00000000,183004000,270.42000000,,111534
MSTR,2024-11-11,1.00000000,183004000,340.00000000,,111534
MSTR,2024-11-12,1.00000000,183004000,356.59000000,,111534
MSTR,2024-11-13,1.00000000,183004000,328.38000000,,111534
MSTR,2024-11-14,1.00000000,183004000,327.67000000,,111534
MSTR,2024-11-15,1.00000000,183004000,340.65000000,,111534
MSTR,2024-11-18,1.00000000,183004000,384.79000000,,111534
MSTR,2024-11-19,1.00000000,183004000,430.54000000,,111534
MSTR,2024-11-20,1.00000000,183004000,473.83000000,,111534
MSTR,2024-11-21,1.00000000,183004000,397.28000000,,111534
MSTR,2024-11-22,1.00000000,183004000,421.88000000,,111534
MSTR,2024-11-25,1.00000000,183004000,403.45000000,,111534
MSTR,2024-11-26,1.00000000,183004000,353.69000000,,111534
MSTR,2024-11-27,1.00000000,183004000,388.84000000,,111534
MSTR,2024-11-29,1.00000000,183004000,387.47000000,,111534
MSTR,2024-12-02,1.00000000,183004000,380.30000000,,111534
MSTR,2024-12-03,1.00000000,183004000,373.43000000,,111534
MSTR,2024-12-04,1.00000000,183004000,406.00000000,,111534
MSTR,2024-12-05,1.00000000,183004000,386.40000000,,111534
MSTR,2024-12-06,1.00000000,183004000,395.01000000,,111534
MSTR,2024-12-09,1.00000000,183004000,365.34000000,,111534
MSTR,2024-12-10,1.00000000,211343000,377.32000000,,111534
MSTR,2024-12-11,1.00000000,220007000,411.40000000,,111534
MSTR,2024-12-12,1.00000000,220007000,392.19000000,,111534
MSTR,2024-12-13,1.00000000,220007000,408.67000000,,111534
MSTR,2024-12-16,1.00000000,220007000,408.50000000,,111534
MSTR,2024-12-17,1.00000000,220007000,386.42000000,,111534
MSTR,2024-12-18,1.00000000,223892000,349.64000000,,111534
MSTR,2024-12-19,1.00000000,223892000,326.46000000,,111534
MSTR,2024-12-20,1.00000000,223892000,364.20000000,,111534
MSTR,2024-12-23,1.00000000,223892000,332.23000000,,111534
MSTR,2024-12-24,1.00000000,223892000,358.18000000,,111534
MSTR,2024-12-26,1.00000000,225210000,341.05000000,,111534
MSTR,2024-12-27,1.00000000,225210000,330.00000000,,111534
MSTR,2024-12-30,1.00000000,225210000,302.96000000,,111534
MSTR,2024-12-31,1.00000000,225210000,289.62000000,,111534
MSTR,2025-01-02,1.00000000,225210000,300.01000000,,111534
MSTR,2025-01-03,1.00000000,225210000,339.66000000,,111534
MSTR,2025-01-06,1.00000000,226138000,379.09000000,,111534
MSTR,2025-01-07,1.00000000,226138000,341.42500000,,111534
MSTR,2025-01-08,1.00000000,226138000,331.70000000,,111534
MSTR,2025-01-10,1.00000000,226138000,327.91000000,,111534
MSTR,2025-01-13,1.00000000,226138000,328.40000000,,111534
MSTR,2025-01-14,1.00000000,226138000,342.17000000,,111534
MSTR,2025-01-15,1.00000000,226138000,360.62000000,,111534
MSTR,2025-01-16,1.00000000,226849000,367.00000000,,111534
MSTR,2025-01-17,1.00000000,226849000,396.50000000,,111534
MSTR,2025-01-21,1.00000000,226849000,389.10000000,,111534
MSTR,2025-01-22,1.00000000,226849000,377.31000000,,111534
MSTR,2025-01-23,1.00000000,229932000,373.12000000,,111534
MSTR,2025-01-24,1.00000000,229932000,353.67000000,,111534
MSTR,2025-01-27,1.00000000,229932000,347.92000000,,111534
MSTR,2025-01-28,1.00000000,231633000,335.93000000,,111534
MSTR,2025-01-29,1.00000000,231633000,341.25000000,,111534
MSTR,2025-01-30,1.00000000,231633000,340.09000000,,111534
MSTR,2025-01-31,1.00000000,231633000,334.79000000,,111534
MSTR,2025-02-03,1.00000000,231633000,347.09000000,,111534
MSTR,2025-02-04,1.00000000,231633000,348.31000000,,111534
MSTR,2025-02-05,1.00000000,231633000,336.70000000,,111534
MSTR,2025-02-06,1.00000000,231633000,325.46000000,,111534
MSTR,2025-02-07,1.00000000,231633000,327.56000000,,111534
MSTR,2025-02-10,1.00000000,231633000,334.62000000,,111534
MSTR,2025-02-11,1.00000000,238540000,319.46000000,,111534
MSTR,2025-02-12,1.00000000,238540000,326.82000000,,111534
MSTR,2025-02-13,1.00000000,238540000,324.92000000,,111534
MSTR,2025-02-14,1.00000000,238540000,337.73000000,,111534
MSTR,2025-02-18,1.00000000,238540000,333.97000000,,111534
MSTR,2025-02-19,1.00000000,238540000,318.67000000,,111534
MSTR,2025-02-20,1.00000000,238540000,323.92000000,,111534
MSTR,2025-02-21,1.00000000,238540000,299.69000000,,111534
MSTR,2025-02-24,1.00000000,238540000,282.76000000,,111534
MSTR,2025-02-25,1.00000000,238540000,250.51000000,,111534
MSTR,2025-02-26,1.00000000,238540000,263.27000000,,111534
MSTR,2025-02-27,1.00000000,238540000,240.05000000,,111534
MSTR,2025-02-28,1.00000000,238540000,255.43000000,,111534
MSTR,2025-03-03,1.00000000,238540000,250.92000000,,111534
MSTR,2025-03-04,1.00000000,238540000,275.15000000,,111534
MSTR,2025-03-05,1.00000000,238540000,308.55000000,,111534
MSTR,2025-03-06,1.00000000,238540000,304.11000000,,111534
MSTR,2025-03-07,1.00000000,238540000,287.18000000,,111534
MSTR,2025-03-10,1.00000000,238540000,239.27000000,,111534
MSTR,2025-03-11,1.00000000,238540000,260.59000000,,111534
MSTR,2025-03-12,1.00000000,238540000,262.55000000,,111534
MSTR,2025-03-13,1.00000000,238540000,263.26000000,,111534
MSTR,2025-03-14,1.00000000,238540000,297.49000000,,111534
MSTR,2025-03-17,1.00000000,238540000,294.27000000,,111534
MSTR,2025-03-18,1.00000000,238540000,283.19000000,,111534
MSTR,2025-03-19,1.00000000,240816000,304.23000000,,111534
MSTR,2025-03-20,1.00000000,240816000,302.07000000,,111534
MSTR,2025-03-21,1.00000000,240816000,304.00000000,,111534
MSTR,2025-03-24,1.00000000,240816000,335.72000000,,111534
MSTR,2025-03-25,1.00000000,240816000,341.81000000,,111534
MSTR,2025-03-26,1.00000000,240816000,329.31000000,,111534
MSTR,2025-03-27,1.00000000,240816000,324.59000000,,111534
MSTR,2025-03-28,1.00000000,240816000,289.41000000,,111534
MSTR,2025-03-31,1.00000000,240816000,288.27000000,,111534
MSTR,2025-04-01,1.00000000,240816000,306.02000000,,111534
MSTR,2025-04-02,1.00000000,240816000,312.54000000,,111534
MSTR,2025-04-03,1.00000000,240816000,282.28000000,,111534
MSTR,2025-04-04,1.00000000,240816000,293.61000000,,111534
MSTR,2025-04-07,1.00000000,240816000,268.14000000,,111534
MSTR,2025-04-08,1.00000000,240816000,237.95000000,,111534
MSTR,2025-04-09,1.00000000,246537000,296.86000000,,111534
MSTR,2025-04-10,1.00000000,246537000,272.34000000,,111534
MSTR,2025-04-11,1.00000000,246537000,299.98000000,,111534
MSTR,2025-04-14,1.00000000,246537000,311.45000000,,111534
MSTR,2025-04-15,1.00000000,246537000,310.72000000,,111534
MSTR,2025-04-16,1.00000000,246537000,311.66000000,,111534
MSTR,2025-04-17,1.00000000,246537000,317.20000000,,111534
MSTR,2025-04-21,1.00000000,246537000,317.76000000,,111534
MSTR,2025-04-22,1.00000000,246537000,343.03000000,,111534
MSTR,2025-04-23,1.00000000,246537000,345.73000000,,111534
MSTR,2025-04-24,1.00000000,246537000,350.34000000,,111534
MSTR,2025-04-25,1.00000000,246537000,368.71000000,,111534
MSTR,2025-04-28,1.00000000,246537000,369.25000000,,111534
MSTR,2025-04-29,1.00000000,246537000,381.45000000,,111534
MSTR,2025-04-30,1.00000000,249689000,380.11000000,,111534
MSTR,2025-05-01,1.00000000,249689000,381.60000000,,111534
MSTR,2025-05-02,1.00000000,253762000,394.37000000,,111534
MSTR,2025-05-05,1.00000000,253762000,386.53000000,,111534
MSTR,2025-05-06,1.00000000,253763000,385.60000000,,111534
MSTR,2025-05-07,1.00000000,253763000,392.48000000,,111534
MSTR,2025-05-08,1.00000000,253763000,414.38000000,,111534
MSTR,2025-05-09,1.00000000,253763000,416.03000000,,111534
MSTR,2025-05-12,1.00000000,253763000,404.90000000,,111534
MSTR,2025-05-13,1.00000000,253763000,421.61000000,,111534
MSTR,2025-05-14,1.00000000,253763000,416.75000000,,111534
MSTR,2025-05-15,1.00000000,253763000,397.03000000,,111534
MSTR,2025-05-16,1.00000000,253763000,399.80000000,,111534
MSTR,2025-05-19,1.00000000,253763000,413.42000000,,111534
MSTR,2025-05-20,1.00000000,253763000,416.92000000,,111534
MSTR,2025-05-21,1.00000000,253763000,402.69000000,,111534
MSTR,2025-05-22,1.00000000,253763000,399.46000000,,111534
MSTR,2025-05-23,1.00000000,253763000,369.51000000,,111534
MSTR,2025-05-27,1.00000000,253763000,372.20000000,,111534
MSTR,2025-05-28,1.00000000,253763000,364.25000000,,111534
MSTR,2025-05-29,1.00000000,253763000,370.63000000,,111534
MSTR,2025-05-30,1.00000000,253763000,369.06000000,,111534
MSTR,2025-06-02,1.00000000,253763000,372.27000000,,111534
MSTR,2025-06-03,1.00000000,253763000,387.43000000,,111534
MSTR,2025-06-04,1.00000000,253763000,378.10000000,,111534
MSTR,2025-06-05,1.00000000,253763000,368.79000000,,111534
MSTR,2025-06-06,1.00000000,253763000,374.47000000,,111534
MSTR,2025-06-09,1.00000000,253763000,392.12000000,,111534
MSTR,2025-06-10,1.00000000,253763000,391.18000000,,111534
MSTR,2025-06-11,1.00000000,253763000,387.11000000,,111534
MSTR,2025-06-12,1.00000000,253763000,379.76000000,,111534
MSTR,2025-06-13,1.00000000,253763000,382.87000000,,111534
MSTR,2025-06-16,1.00000000,253763000,382.25000000,,111534
MSTR,2025-06-17,1.00000000,253763000,375.18000000,,111534
MSTR,2025-06-18,1.00000000,253763000,369.03000000,,111534
MSTR,2025-06-20,1.00000000,253763000,369.70000000,,111534
MSTR,2025-06-23,1.00000000,253763000,367.18000000,,111534
MSTR,2025-06-24,1.00000000,253763000,377.02000000,,111534
MSTR,2025-06-25,1.00000000,253763000,388.67000000,,111534
MSTR,2025-06-26,1.00000000,253763000,386.44000000,,111534
MSTR,2025-06-27,1.00000000,253763000,383.88000000,,111534
MSTR,2025-06-30,1.00000000,253763000,404.23000000,,111534
MSTR,2025-07-01,1.00000000,253763000,373.30000000,,111534
MSTR,2025-07-02,1.00000000,253763000,402.28000000,,111534
MSTR,2025-07-03,1.00000000,253763000,403.99000000,,111534
MSTR,2025-07-07,1.00000000,253763000,395.67000000,,111534
MSTR,2025-07-08,1.00000000,253763000,396.94000000,,111534
MSTR,2025-07-09,1.00000000,253763000,415.41000000,,111534
MSTR,2025-07-10,1.00000000,253763000,421.74000000,,111534
MSTR,2025-07-11,1.00000000,253763000,434.58000000,,111534
MSTR,2025-07-14,1.00000000,253763000,451.02000000,,111534
MSTR,2025-07-15,1.00000000,253763000,442.31000000,,111534
MSTR,2025-07-16,1.00000000,253763000,455.90000000,,111534
MSTR,2025-07-17,1.00000000,253763000,451.34000000,,111534
MSTR,2025-07-18,1.00000000,253763000,423.22000000,,111534
MSTR,2025-07-21,1.00000000,253763000,426.28000000,,111534
MSTR,2025-07-22,1.00000000,263913000,426.40000000,,111534
MSTR,2025-07-23,1.00000000,263913000,412.67000000,,111534
MSTR,2025-07-24,1.00000000,263913000,414.92000000,,111534
MSTR,2025-07-25,1.00000000,263913000,405.89000000,,111534
MSTR,2025-07-28,1.00000000,263913000,403.80000000,,111534
MSTR,2025-07-29,1.00000000,263913000,394.66000000,,111534
MSTR,2025-07-30,1.00000000,263913000,395.04000000,,111534
MSTR,2025-07-31,1.00000000,263913000,401.86000000,,111534
MSTR,2025-08-01,1.00000000,263913000,366.63000000,,111534
MSTR,2025-08-04,1.00000000,263913000,389.24000000,,111534
MSTR,2025-08-05,1.00000000,263913000,375.46000000,,111534
MSTR,2025-08-06,1.00000000,263913000,383.41000000,,111534
MSTR,2025-08-07,1.00000000,263913000,402.01000000,,111534
MSTR,2025-08-08,1.00000000,263913000,395.13000000,,111534
MSTR,2025-08-11,1.00000000,263913000,400.25000000,,111534
MSTR,2025-08-12,1.00000000,263913000,394.39000000,,111534
MSTR,2025-08-13,1.00000000,263913000,389.90000000,,111534
MSTR,2025-08-14,1.00000000,263913000,372.94000000,,111534
MSTR,2025-08-15,1.00000000,263913000,366.32000000,,111534
MSTR,2025-08-18,1.00000000,263913000,363.60000000,,111534
MSTR,2025-08-19,1.00000000,263913000,336.57000000,,111534
MSTR,2025-08-20,1.00000000,263913000,344.37000000,,111534
MSTR,2025-08-21,1.00000000,263913000,337.58000000,,111534
MSTR,2025-08-22,1.00000000,263913000,358.13000000,,111534
MSTR,2025-08-25,1.00000000,263913000,343.20000000,,111534
MSTR,2025-08-26,1.00000000,263913000,351.36000000,,111534
MSTR,2025-08-27,1.00000000,263913000,342.06000000,,111534
MSTR,2025-08-28,1.00000000,263913000,338.84000000,,111534
MSTR,2025-08-29,1.00000000,263913000,334.41000000,,111534
MSTR,2025-09-02,1.00000000,263913000,341.62000000,,111534
MSTR,2025-09-03,1.00000000,263913000,330.26000000,,111534
MSTR,2025-09-04,1.00000000,263913000,327.59000000,,111534
MSTR,2025-09-05,1.00000000,263913000,335.87000000,,111534
MSTR,2025-09-08,1.00000000,263913000,329.90000000,,111534
MSTR,2025-09-09,1.00000000,263913000,328.53000000,,111534
MSTR,2025-09-10,1.00000000,263913000,326.45000000,,111534
MSTR,2025-09-11,1.00000000,263913000,326.02000000,,111534
MSTR,2025-09-12,1.00000000,263913000,331.44000000,,111534
MSTR,2025-09-15,1.00000000,263913000,327.79000000,,111534
MSTR,2025-09-16,1.00000000,263913000,335.09000000,,111534
MSTR,2025-09-17,1.00000000,263913000,329.71000000,,111534
MSTR,2025-09-18,1.00000000,263913000,349.12000000,,111534
MSTR,2025-09-19,1.00000000,263913000,344.75000000,,111534
MSTR,2025-09-22,1.00000000,263913000,335.93000000,,111534
MSTR,2025-09-23,1.00000000,263913000,327.78000000,,111534
MSTR,2025-09-24,1.00000000,263913000,323.31000000,,111534
MSTR,2025-09-25,1.00000000,263913000,300.70000000,,111534
MSTR,2025-09-26,1.00000000,263913000,309.06000000,,111534
MSTR,2025-09-29,1.00000000,263913000,326.42000000,,111534
MSTR,2025-09-30,1.00000000,263913000,322.21000000,,111534
MSTR,2025-10-01,1.00000000,263913000,338.41000000,,111534
MSTR,2025-10-02,1.00000000,263913000,352.33000000,,111534
MSTR,2025-10-03,1.00000000,263913000,351.63000000,,111534
MSTR,2025-10-06,1.00000000,263913000,359.69000000,,111534
MSTR,2025-10-07,1.00000000,263913000,328.40000000,,111534
MSTR,2025-10-08,1.00000000,263913000,330.80000000,,111534
MSTR,2025-10-09,1.00000000,263913000,320.29000000,,111534
MSTR,2025-10-10,1.00000000,263913000,304.79000000,,111534
MSTR,2025-10-13,1.00000000,263913000,315.47000000,,111534
MSTR,2025-10-14,1.00000000,263913000,300.67000000,,111534
MSTR,2025-10-15,1.00000000,263913000,296.76000000,,111534
MSTR,2025-10-16,1.00000000,263913000,283.84000000,,111534
MSTR,2025-10-17,1.00000000,263913000,289.87000000,,111534
MSTR,2025-10-20,1.00000000,263913000,296.61000000,,111534
MSTR,2025-10-21,1.00000000,263913000,301.91000000,,111534
MSTR,2025-10-22,1.00000000,263913000,280.81000000,,111534
MSTR,2025-10-23,1.00000000,263913000,284.92000000,,111534
MSTR,2025-10-24,1.00000000,263913000,289.08000000,,111534
MSTR,2025-10-27,1.00000000,263913000,295.63000000,,111534
MSTR,2025-10-28,1.00000000,263913000,284.64000000,,111534
MSTR,2025-10-29,1.00000000,263913000,275.36000000,,111534
MSTR,2025-10-30,1.00000000,263913000,254.57000000,,111534
MSTR,2025-10-31,1.00000000,263913000,269.51000000,,111534
MSTR,2025-11-03,1.00000000,263913000,264.67000000,,111534
MSTR,2025-11-04,1.00000000,267713000,246.99000000,,111534
MSTR,2025-11-05,1.00000000,267713000,255.00000000,,111534
MSTR,2025-11-06,1.00000000,267713000,237.20000000,,111534
MSTR,2025-11-07,1.00000000,267713000,241.93000000,,111534
MSTR,2025-11-10,1.00000000,267713000,238.88000000,,111534
MSTR,2025-11-11,1.00000000,267713000,231.35000000,,111534
MSTR,2025-11-12,1.00000000,267713000,224.61000000,,111534
MSTR,2025-11-13,1.00000000,267713000,208.54000000,,111534
MSTR,2025-11-14,1.00000000,267713000,199.75000000,,111534
MSTR,2025-11-17,1.00000000,267713000,195.42000000,,111534
MSTR,2025-11-18,1.00000000,267713000,206.80000000,,111534
MSTR,2025-11-19,1.00000000,267713000,186.50000000,,111534
MSTR,2025-11-20,1.00000000,267713000,177.13000000,,111534
MSTR,2025-11-21,1.00000000,267713000,170.50000000,,111534
MSTR,2025-11-24,1.00000000,267713000,179.04000000,,111534
MSTR,2025-11-25,1.00000000,267713000,172.19000000,,111534
MSTR,2025-11-26,1.00000000,267713000,175.64000000,,111534
MSTR,2025-11-28,1.00000000,267713000,177.18000000,,111534
MSTR,2025-12-01,1.00000000,267713000,171.42000000,,111534
MSTR,2025-12-02,1.00000000,267713000,181.33000000,,111534
MSTR,2025-12-03,1.00000000,267713000,188.39000000,,111534
MSTR,2025-12-04,1.00000000,267713000,186.01000000,,111534
MSTR,2025-12-05,1.00000000,267713000,178.99000000,,111534
